{
  "discrimination": {
    "birads": {
      "auc": 0.907,
      "auc_lo": 0.875,
      "auc_hi": 0.936,
      "pr_auc": 0.491,
      "pr_lo": 0.428,
      "pr_hi": 0.56
    },
    "ai": {
      "auc": 0.897,
      "auc_lo": 0.862,
      "auc_hi": 0.927,
      "pr_auc": 0.546,
      "pr_lo": 0.47,
      "pr_hi": 0.621
    },
    "combined": {
      "auc": 0.909,
      "auc_lo": 0.875,
      "auc_hi": 0.938,
      "pr_auc": 0.582,
      "pr_lo": 0.512,
      "pr_hi": 0.653
    },
    "baseline": {
      "auc": 0.523,
      "auc_lo": 0.478,
      "auc_hi": 0.568,
      "pr_auc": 0.044,
      "pr_lo": 0.032,
      "pr_hi": 0.066
    }
  },
  "brier": {
    "null": 0.030789,
    "ai": 0.033972,
    "ai_recal": 0.020131,
    "combined": 0.018829,
    "birads_prob": 0.019021
  },
  "calibration": {
    "overall": {
      "brier": 0.033972,
      "ece": 0.0653,
      "intercept": -1.921,
      "slope": 0.934
    },
    "by_birads": {
      "1": {
        "brier": 0.006661,
        "ece": 0.0314,
        "intercept": -5.616,
        "slope": -0.047
      },
      "2": {
        "brier": 0.022533,
        "ece": 0.0642,
        "intercept": -3.66,
        "slope": 0.225
      },
      "3": {
        "brier": 0.116938,
        "ece": 0.2062,
        "intercept": -3.0,
        "slope": -0.008
      },
      "4": {
        "brier": 0.387268,
        "ece": 0.3879,
        "intercept": -0.926,
        "slope": 0.174
      },
      "5": {
        "brier": 0.056868,
        "ece": 0.0302,
        "intercept": 1.052,
        "slope": 0.544
      }
    },
    "by_density": {
      "A": {
        "brier": 0.03404,
        "ece": 0.0366,
        "intercept": -1.19,
        "slope": 0.854
      },
      "B": {
        "brier": 0.034116,
        "ece": 0.0585,
        "intercept": -1.862,
        "slope": 0.865
      },
      "C": {
        "brier": 0.03454,
        "ece": 0.0759,
        "intercept": -2.13,
        "slope": 1.046
      },
      "D": {
        "brier": 0.03099,
        "ece": 0.0828,
        "intercept": -2.386,
        "slope": 1.062
      }
    }
  },
  "operating_points": {
    "recall_rate_pct": 11.8,
    "biopsy_rate_pct": 5.12,
    "birads_recall": {
      "sens": 0.811,
      "cdr": 25.8,
      "fp_k": 92.2,
      "fp_c": 3.6,
      "tp": 129,
      "fp": 461,
      "tn": 4380,
      "fn": 30,
      "recall_pct": 11.8
    },
    "ai_recall": {
      "sens": 0.774,
      "cdr": 24.6,
      "fp_k": 93.4,
      "fp_c": 3.8,
      "tp": 123,
      "fp": 467,
      "tn": 4374,
      "fn": 36,
      "recall_pct": 11.8
    },
    "comb_recall": {
      "sens": 0.811,
      "cdr": 25.8,
      "fp_k": 92.2,
      "fp_c": 3.6,
      "tp": 129,
      "fp": 461,
      "tn": 4380,
      "fn": 30,
      "recall_pct": 11.8
    },
    "birads_biopsy": {
      "sens": 0.711,
      "cdr": 22.6,
      "fp_k": 28.6,
      "fp_c": 1.3,
      "tp": 113,
      "fp": 143,
      "tn": 4698,
      "fn": 46,
      "recall_pct": 5.1
    },
    "ai_biopsy": {
      "sens": 0.667,
      "cdr": 21.2,
      "fp_k": 30.0,
      "fp_c": 1.4,
      "tp": 106,
      "fp": 150,
      "tn": 4691,
      "fn": 53,
      "recall_pct": 5.1
    },
    "comb_biopsy": {
      "sens": 0.711,
      "cdr": 22.6,
      "fp_k": 28.6,
      "fp_c": 1.3,
      "tp": 113,
      "fp": 143,
      "tn": 4698,
      "fn": 46,
      "recall_pct": 5.1
    }
  },
  "dca": {
    "thresholds": [
      0.01,
      0.015,
      0.019999999999999997,
      0.024999999999999998,
      0.03,
      0.034999999999999996,
      0.039999999999999994,
      0.045,
      0.049999999999999996,
      0.05499999999999999,
      0.05999999999999999,
      0.06499999999999999,
      0.06999999999999999,
      0.07499999999999998,
      0.07999999999999999,
      0.08499999999999998,
      0.08999999999999998,
      0.09499999999999999,
      0.09999999999999998,
      0.10499999999999998,
      0.10999999999999997,
      0.11499999999999998,
      0.11999999999999998,
      0.12499999999999997,
      0.12999999999999998,
      0.13499999999999998,
      0.13999999999999999,
      0.145,
      0.15,
      0.155,
      0.15999999999999998,
      0.16499999999999998,
      0.16999999999999998,
      0.175,
      0.18,
      0.18499999999999997,
      0.18999999999999997,
      0.19499999999999998,
      0.19999999999999998,
      0.205,
      0.20999999999999996,
      0.21499999999999997,
      0.21999999999999997,
      0.22499999999999998,
      0.22999999999999998,
      0.235,
      0.23999999999999996,
      0.24499999999999997,
      0.24999999999999997,
      0.25499999999999995,
      0.25999999999999995,
      0.26499999999999996,
      0.26999999999999996,
      0.27499999999999997,
      0.27999999999999997,
      0.285,
      0.29,
      0.295,
      0.3,
      0.30499999999999994
    ],
    "nb_birads": [
      25.749494949494952,
      24.395939086294415,
      23.918367346938776,
      23.435897435897438,
      22.948453608247423,
      22.455958549222796,
      21.958333333333332,
      21.455497382198953,
      20.94736842105263,
      20.433862433862437,
      19.914893617021278,
      19.390374331550802,
      18.86021505376344,
      18.324324324324326,
      20.11304347826087,
      19.943169398907102,
      19.771428571428572,
      19.59779005524862,
      19.422222222222224,
      19.244692737430167,
      19.065168539325843,
      18.88361581920904,
      18.7,
      18.514285714285712,
      18.326436781609196,
      18.136416184971097,
      17.94418604651163,
      17.749707602339182,
      17.552941176470586,
      17.353846153846153,
      17.152380952380955,
      16.948502994011974,
      16.742168674698796,
      16.53333333333333,
      16.321951219512194,
      16.1079754601227,
      15.891358024691359,
      15.672049689440994,
      15.45,
      15.225157232704401,
      14.997468354430382,
      14.76687898089172,
      14.533333333333333,
      14.296774193548387,
      14.057142857142857,
      13.81437908496732,
      13.56842105263158,
      13.319205298013244,
      13.066666666666666,
      12.81073825503356,
      12.551351351351352,
      12.28843537414966,
      12.021917808219177,
      11.751724137931035,
      11.477777777777778,
      11.2,
      10.918309859154927,
      10.632624113475178,
      10.34285714285714,
      10.048920863309354
    ],
    "nb_ai": [
      22.771717171717167,
      19.647715736040606,
      16.816326530612248,
      14.620512820512822,
      13.169072164948451,
      12.153367875647671,
      11.166666666666668,
      10.270157068062828,
      9.431578947368422,
      8.90793650793651,
      8.59148936170213,
      8.259893048128346,
      8.236559139784951,
      7.854054054054059,
      7.6086956521739175,
      7.603278688524593,
      7.378021978021981,
      7.181215469613263,
      7.35555555555556,
      7.501675977653638,
      7.222471910112365,
      6.856497175141248,
      6.763636363636367,
      6.485714285714289,
      6.15632183908046,
      6.272832369942197,
      6.041860465116279,
      6.1918128654970745,
      6.305882352941172,
      5.605917159763315,
      5.438095238095242,
      5.402395209580839,
      4.891566265060245,
      4.575757575757577,
      4.4926829268292705,
      4.442944785276078,
      4.38024691358025,
      4.197515527950315,
      3.9500000000000055,
      3.874213836477989,
      3.7316455696202593,
      3.8777070063694303,
      4.0051282051282096,
      3.3354838709677423,
      3.2285714285714313,
      2.89542483660131,
      2.747368421052637,
      2.631788079470204,
      2.6000000000000014,
      2.4523489932885973,
      2.248648648648651,
      2.1278911564625926,
      1.6000000000000008,
      1.3517241379310367,
      1.1888888888888922,
      0.7986013986014013,
      0.7352112676056316,
      0.6042553191489379,
      0.3999999999999976,
      0.028776978417272003
    ],